Stationsnamn;Stationsnummer;Stationsnät;Mäthöjd (meter över marken)
Norrtälje-Väsby;98510;SMHIs stationsnät;0.0

Parameternamn;Beskrivning;Enhet
Snödjup;momentanvärde, 1 gång/dygn, kl 06;meter

Tidsperiod (fr.o.m);Tidsperiod (t.o.m);Höjd (meter över havet);Latitud (decimalgrader);Longitud (decimalgrader)
1989-01-01 00:00:00;1994-10-31 23:59:59;10.0;59.8524;18.7296

Datum;Tid (UTC);Snödjup;Kvalitet;;Tidsutsnitt:
1989-01-01;06:00:00;0.04;Y;;Kvalitetskontrollerade historiska data (utom de senaste 3 mån)
1989-01-02;06:00:00;0.04;Y;;Tidsperiod (fr.o.m.) = 1989-01-01 00:00:00 (UTC)
1989-01-03;06:00:00;0.00;G;;Tidsperiod (t.o.m.) = 1994-10-31 23:59:59 (UTC)
1989-01-04;06:00:00;0.00;G;;Samplingstid = Ej angivet
1989-01-05;06:00:00;0.00;G;;
1989-01-06;06:00:00;0.00;G;;Kvalitetskoderna:
1989-01-08;06:00:00;0.00;G;;Grön (G) = Kontrollerade och godkända värden.
1989-01-09;06:00:00;0.00;G;;Gul (Y) = Misstänkta eller aggregerade värden. Grovt kontrollerade arkivdata och okontrollerade realtidsdata (senaste 2 tim).
1989-01-10;06:00:00;0.00;G;;
1989-01-11;06:00:00;0.00;G;;Nätinformation:
1989-01-12;06:00:00;0.00;G;;SMHIs Stationsnät: Data samlas in och lagras i SMHIs databaser. Data kvalitetskontrolleras vilket innebär att felaktiga data korrigeras och att databortfall kompletteras utifrån expertbedömning där det är möjligt. De flesta stationerna övervakas, inspekteras och underhålls löpande av SMHI.
1989-01-13;06:00:00;0.00;G;;Övriga stationer: Data samlas in och lagras i SMHIs databaser. Datakvaliteten är för SMHI okänd då SMHI varken utför kvalitetskontroll på data eller inspektioner på stationerna.
1989-01-14;06:00:00;0.00;G;;
1989-01-15;06:00:00;0.00;G;;Möjliga orsaker till saknade data:
1989-01-16;06:00:00;0.00;G;;– stationen eller givaren har varit ur funktion.
1989-01-17;06:00:00;0.00;G;;– stationen har endast levererat värden med kvalitetskod Röd (R). Dessa levereras ej.
1989-01-18;06:00:00;0.00;G
1989-01-19;06:00:00;0.00;G
1989-01-20;06:00:00;0.00;G
1989-01-21;06:00:00;0.00;G
1989-01-22;06:00:00;0.00;G
1989-01-23;06:00:00;0.00;G
1989-01-24;06:00:00;0.00;G
1989-01-25;06:00:00;0.00;G
1989-01-26;06:00:00;0.00;G
1989-01-27;06:00:00;0.00;G
1989-01-28;06:00:00;0.00;G
1989-01-29;06:00:00;0.00;G
1989-01-30;06:00:00;0.00;G
1989-01-31;06:00:00;0.00;G
1989-02-01;06:00:00;0.00;G
1989-02-02;06:00:00;0.00;G
1989-02-03;06:00:00;0.00;G
1989-02-04;06:00:00;0.00;G
1989-02-05;06:00:00;0.00;G
1989-02-06;06:00:00;0.00;G
1989-02-07;06:00:00;0.00;G
1989-02-08;06:00:00;0.00;G
1989-02-09;06:00:00;0.00;G
1989-02-10;06:00:00;0.00;G
1989-02-11;06:00:00;0.00;G
1989-02-12;06:00:00;0.00;G
1989-02-13;06:00:00;0.00;G
1989-02-14;06:00:00;0.00;G
1989-02-15;06:00:00;0.00;G
1989-02-16;06:00:00;0.00;G
1989-02-17;06:00:00;0.00;G
1989-02-18;06:00:00;0.00;G
1989-02-19;06:00:00;0.00;G
1989-02-20;06:00:00;0.00;G
1989-02-21;06:00:00;0.00;G
1989-02-22;06:00:00;0.00;G
1989-02-23;06:00:00;0.00;G
1989-02-24;06:00:00;0.00;G
1989-02-25;06:00:00;0.00;G
1989-02-26;06:00:00;0.00;G
1989-02-27;06:00:00;0.00;G
1989-02-28;06:00:00;0.00;G
1989-03-01;06:00:00;0.00;G
1989-03-02;06:00:00;0.00;G
1989-03-03;06:00:00;0.00;G
1989-03-04;06:00:00;0.00;G
1989-03-05;06:00:00;0.00;G
1989-03-06;06:00:00;0.00;G
1989-03-07;06:00:00;0.00;G
1989-03-08;06:00:00;0.00;G
1989-03-09;06:00:00;0.00;G
1989-03-10;06:00:00;0.00;G
1989-03-11;06:00:00;0.00;G
1989-03-12;06:00:00;0.00;G
1989-03-13;06:00:00;0.00;G
1989-03-14;06:00:00;0.00;G
1989-03-15;06:00:00;0.00;G
1989-03-16;06:00:00;0.00;G
1989-03-17;06:00:00;0.00;G
1989-03-18;06:00:00;0.00;G
1989-03-19;06:00:00;0.00;G
1989-03-20;06:00:00;0.00;G
1989-03-21;06:00:00;0.00;G
1989-03-22;06:00:00;0.00;G
1989-03-23;06:00:00;0.00;G
1989-03-24;06:00:00;0.00;G
1989-03-25;06:00:00;0.00;G
1989-03-26;06:00:00;0.00;G
1989-03-27;06:00:00;0.00;G
1989-03-28;06:00:00;0.00;G
1989-03-29;06:00:00;0.00;G
1989-03-30;06:00:00;0.00;G
1989-03-31;06:00:00;0.00;G
1989-04-01;06:00:00;0.00;G
1989-04-02;06:00:00;0.00;G
1989-04-03;06:00:00;0.01;G
1989-04-04;06:00:00;0.00;G
1989-04-05;06:00:00;0.00;G
1989-04-06;06:00:00;0.00;G
1989-04-07;06:00:00;0.00;G
1989-04-08;06:00:00;0.00;G
1989-04-09;06:00:00;0.00;G
1989-04-10;06:00:00;0.00;G
1989-04-11;06:00:00;0.00;G
1989-04-12;06:00:00;0.00;G
1989-04-13;06:00:00;0.00;G
1989-04-14;06:00:00;0.00;G
1989-04-15;06:00:00;0.00;G
1989-04-16;06:00:00;0.00;G
1989-04-17;06:00:00;0.00;G
1989-04-18;06:00:00;0.00;G
1989-04-19;06:00:00;0.00;G
1989-04-20;06:00:00;0.00;G
1989-04-21;06:00:00;0.00;G
1989-04-22;06:00:00;0.00;G
1989-04-23;06:00:00;0.00;G
1989-04-24;06:00:00;0.00;G
1989-04-25;06:00:00;0.00;G
1989-04-26;06:00:00;0.00;G
1989-04-27;06:00:00;0.00;G
1989-04-28;06:00:00;0.00;G
1989-04-29;06:00:00;0.00;G
1989-04-30;06:00:00;0.00;G
1989-05-01;06:00:00;0.00;G
1989-05-02;06:00:00;0.00;G
1989-05-03;06:00:00;0.00;G
1989-05-04;06:00:00;0.00;G
1989-05-05;06:00:00;0.00;G
1989-05-06;06:00:00;0.00;G
1989-05-07;06:00:00;0.00;G
1989-05-08;06:00:00;0.00;G
1989-05-09;06:00:00;0.00;G
1989-05-10;06:00:00;0.00;G
1989-05-11;06:00:00;0.00;G
1989-05-12;06:00:00;0.00;G
1989-05-13;06:00:00;0.00;G
1989-05-14;06:00:00;0.00;G
1989-05-15;06:00:00;0.00;G
1989-05-17;06:00:00;0.00;G
1989-05-18;06:00:00;0.00;G
1989-05-19;06:00:00;0.00;G
1989-05-20;06:00:00;0.00;G
1989-05-21;06:00:00;0.00;G
1989-05-22;06:00:00;0.00;G
1989-05-23;06:00:00;0.00;G
1989-05-24;06:00:00;0.00;G
1989-05-25;06:00:00;0.00;G
1989-05-26;06:00:00;0.00;G
1989-05-27;06:00:00;0.00;G
1989-05-28;06:00:00;0.00;G
1989-05-29;06:00:00;0.00;G
1989-05-30;06:00:00;0.00;G
1989-05-31;06:00:00;0.00;G
1989-06-01;06:00:00;0.00;G
1989-06-02;06:00:00;0.00;G
1989-06-03;06:00:00;0.00;G
1989-06-04;06:00:00;0.00;G
1989-06-05;06:00:00;0.00;G
1989-06-06;06:00:00;0.00;G
1989-06-07;06:00:00;0.00;G
1989-06-08;06:00:00;0.00;G
1989-06-09;06:00:00;0.00;G
1989-06-10;06:00:00;0.00;G
1989-06-11;06:00:00;0.00;G
1989-06-12;06:00:00;0.00;G
1989-06-13;06:00:00;0.00;G
1989-06-14;06:00:00;0.00;G
1989-06-15;06:00:00;0.00;G
1989-06-16;06:00:00;0.00;G
1989-06-17;06:00:00;0.00;G
1989-06-18;06:00:00;0.00;G
1989-06-19;06:00:00;0.00;G
1989-06-20;06:00:00;0.00;G
1989-06-21;06:00:00;0.00;G
1989-06-22;06:00:00;0.00;G
1989-06-23;06:00:00;0.00;G
1989-06-24;06:00:00;0.00;G
1989-06-25;06:00:00;0.00;G
1989-07-03;06:00:00;0.00;G
1989-07-04;06:00:00;0.00;G
1989-07-05;06:00:00;0.00;G
1989-07-06;06:00:00;0.00;G
1989-07-07;06:00:00;0.00;G
1989-07-08;06:00:00;0.00;G
1989-07-09;06:00:00;0.00;G
1989-07-10;06:00:00;0.00;G
1989-07-11;06:00:00;0.00;G
1989-07-12;06:00:00;0.00;G
1989-07-13;06:00:00;0.00;G
1989-07-14;06:00:00;0.00;G
1989-07-15;06:00:00;0.00;G
1989-07-16;06:00:00;0.00;G
1989-07-17;06:00:00;0.00;G
1989-07-18;06:00:00;0.00;G
1989-07-19;06:00:00;0.00;G
1989-07-20;06:00:00;0.00;G
1989-07-21;06:00:00;0.00;G
1989-07-22;06:00:00;0.00;G
1989-07-23;06:00:00;0.00;G
1989-07-24;06:00:00;0.00;G
1989-07-25;06:00:00;0.00;G
1989-07-26;06:00:00;0.00;G
1989-07-27;06:00:00;0.00;G
1989-07-28;06:00:00;0.00;G
1989-07-29;06:00:00;0.00;G
1989-07-30;06:00:00;0.00;G
1989-07-31;06:00:00;0.00;G
1989-08-01;06:00:00;0.00;G
1989-08-02;06:00:00;0.00;G
1989-08-03;06:00:00;0.00;G
1989-08-04;06:00:00;0.00;G
1989-08-05;06:00:00;0.00;G
1989-08-06;06:00:00;0.00;G
1989-08-07;06:00:00;0.00;G
1989-08-08;06:00:00;0.00;G
1989-08-09;06:00:00;0.00;G
1989-08-10;06:00:00;0.00;G
1989-08-11;06:00:00;0.00;G
1989-08-12;06:00:00;0.00;G
1989-08-13;06:00:00;0.00;G
1989-08-14;06:00:00;0.00;G
1989-08-15;06:00:00;0.00;G
1989-08-16;06:00:00;0.00;G
1989-08-17;06:00:00;0.00;G
1989-08-18;06:00:00;0.00;G
1989-08-19;06:00:00;0.00;G
1989-08-20;06:00:00;0.00;G
1989-08-21;06:00:00;0.00;G
1989-08-22;06:00:00;0.00;G
1989-08-23;06:00:00;0.00;G
1989-08-24;06:00:00;0.00;G
1989-08-25;06:00:00;0.00;G
1989-08-26;06:00:00;0.00;G
1989-08-27;06:00:00;0.00;G
1989-08-28;06:00:00;0.00;G
1989-08-29;06:00:00;0.00;G
1989-08-30;06:00:00;0.00;G
1989-08-31;06:00:00;0.00;G
1989-09-01;06:00:00;0.00;G
1989-09-02;06:00:00;0.00;G
1989-09-03;06:00:00;0.00;G
1989-09-04;06:00:00;0.00;G
1989-09-05;06:00:00;0.00;G
1989-09-06;06:00:00;0.00;G
1989-09-07;06:00:00;0.00;G
1989-09-08;06:00:00;0.00;G
1989-09-16;06:00:00;0.00;G
1989-09-17;06:00:00;0.00;G
1989-09-18;06:00:00;0.00;G
1989-09-19;06:00:00;0.00;G
1989-09-20;06:00:00;0.00;G
1989-09-21;06:00:00;0.00;G
1989-09-22;06:00:00;0.00;G
1989-09-23;06:00:00;0.00;G
1989-09-24;06:00:00;0.00;G
1989-09-25;06:00:00;0.00;G
1989-09-27;06:00:00;0.00;G
1989-09-28;06:00:00;0.00;G
1989-09-29;06:00:00;0.00;G
1989-09-30;06:00:00;0.00;G
1989-10-01;06:00:00;0.00;G
1989-10-02;06:00:00;0.00;G
1989-10-03;06:00:00;0.00;G
1989-10-04;06:00:00;0.00;G
1989-10-05;06:00:00;0.00;G
1989-10-06;06:00:00;0.00;G
1989-10-07;06:00:00;0.00;G
1989-10-08;06:00:00;0.00;G
1989-10-09;06:00:00;0.00;G
1989-10-10;06:00:00;0.00;G
1989-10-11;06:00:00;0.00;G
1989-10-12;06:00:00;0.00;G
1989-10-13;06:00:00;0.00;G
1989-10-14;06:00:00;0.00;G
1989-10-15;06:00:00;0.00;G
1989-10-16;06:00:00;0.00;G
1989-10-17;06:00:00;0.00;G
1989-10-18;06:00:00;0.00;G
1989-10-19;06:00:00;0.00;G
1989-10-20;06:00:00;0.00;G
1989-10-21;06:00:00;0.00;G
1989-10-22;06:00:00;0.00;G
1989-10-23;06:00:00;0.00;G
1989-10-24;06:00:00;0.00;G
1989-10-25;06:00:00;0.00;G
1989-10-26;06:00:00;0.00;G
1989-10-27;06:00:00;0.00;G
1989-10-28;06:00:00;0.00;G
1989-10-29;06:00:00;0.00;G
1989-10-30;06:00:00;0.00;G
1989-10-31;06:00:00;0.00;G
1989-11-01;06:00:00;0.00;G
1989-11-02;06:00:00;0.00;G
1989-11-03;06:00:00;0.00;G
1989-11-04;06:00:00;0.00;G
1989-11-05;06:00:00;0.00;G
1989-11-06;06:00:00;0.00;G
1989-11-07;06:00:00;0.00;G
1989-11-08;06:00:00;0.00;G
1989-11-09;06:00:00;0.00;G
1989-11-10;06:00:00;0.00;G
1989-11-11;06:00:00;0.00;G
1989-11-12;06:00:00;0.00;G
1989-11-13;06:00:00;0.00;G
1989-11-14;06:00:00;0.00;G
1989-11-15;06:00:00;0.00;G
1989-11-16;06:00:00;0.00;G
1989-11-17;06:00:00;0.00;G
1989-11-18;06:00:00;0.00;G
1989-11-19;06:00:00;0.00;G
1989-11-20;06:00:00;0.00;G
1989-11-21;06:00:00;0.00;G
1989-11-22;06:00:00;0.09;G
1989-11-23;06:00:00;0.14;G
1989-11-24;06:00:00;0.30;G
1989-11-25;06:00:00;0.32;G
1989-11-26;06:00:00;0.22;G
1989-11-27;06:00:00;0.22;G
1989-11-28;06:00:00;0.30;G
1989-11-29;06:00:00;0.24;G
1989-11-30;06:00:00;0.22;G
1989-12-01;06:00:00;0.20;G
1989-12-02;06:00:00;0.20;G
1989-12-03;06:00:00;0.17;G
1989-12-04;06:00:00;0.15;G
1989-12-05;06:00:00;0.15;G
1989-12-06;06:00:00;0.15;G
1989-12-07;06:00:00;0.15;G
1989-12-08;06:00:00;0.17;G
1989-12-09;06:00:00;0.18;G
1989-12-10;06:00:00;0.30;G
1989-12-11;06:00:00;0.37;G
1989-12-12;06:00:00;0.37;G
1989-12-13;06:00:00;0.40;G
1989-12-14;06:00:00;0.40;G
1989-12-15;06:00:00;0.40;G
1989-12-16;06:00:00;0.35;G
1989-12-17;06:00:00;0.40;G
1989-12-18;06:00:00;0.36;G
1989-12-19;06:00:00;0.27;G
1989-12-20;06:00:00;0.20;G
1989-12-21;06:00:00;0.20;G
1989-12-22;06:00:00;0.17;G
1989-12-23;06:00:00;0.17;G
1989-12-24;06:00:00;0.15;G
1989-12-25;06:00:00;0.15;G
1989-12-26;06:00:00;0.10;G
1989-12-27;06:00:00;0.05;G
1989-12-28;06:00:00;0.04;G
1989-12-29;06:00:00;0.04;G
1989-12-30;06:00:00;0.04;G
1989-12-31;06:00:00;0.04;G
1990-01-01;06:00:00;0.04;G
1990-01-02;06:00:00;0.04;G
1990-01-03;06:00:00;0.04;G
1990-01-04;06:00:00;0.03;G
1990-01-05;06:00:00;0.03;G
1990-01-06;06:00:00;0.03;G
1990-01-07;06:00:00;0.03;G
1990-01-08;06:00:00;0.03;G
1990-01-09;06:00:00;0.02;G
1990-01-10;06:00:00;0.02;G
1990-01-11;06:00:00;0.02;G
1990-01-12;06:00:00;0.00;G
1990-01-13;06:00:00;0.00;G
1990-01-14;06:00:00;0.00;G
1990-01-15;06:00:00;0.00;G
1990-01-16;06:00:00;0.01;G
1990-01-17;06:00:00;0.01;G
1990-01-18;06:00:00;0.00;G
1990-01-19;06:00:00;0.01;G
1990-01-20;06:00:00;0.00;G
1990-01-21;06:00:00;0.00;G
1990-01-22;06:00:00;0.00;G
1990-01-23;06:00:00;0.00;G
1990-01-24;06:00:00;0.00;G
1990-01-25;06:00:00;0.00;G
1990-01-29;06:00:00;0.00;G
1990-01-30;06:00:00;0.00;G
1990-01-31;06:00:00;0.00;G
1990-02-01;06:00:00;0.00;G
1990-02-02;06:00:00;0.00;G
1990-02-03;06:00:00;0.00;G
1990-02-04;06:00:00;0.00;G
1990-02-05;06:00:00;0.00;G
1990-02-06;06:00:00;0.00;G
1990-02-07;06:00:00;0.00;G
1990-02-08;06:00:00;0.00;G
1990-02-09;06:00:00;0.00;G
1990-02-10;06:00:00;0.00;G
1990-02-11;06:00:00;0.00;G
1990-02-12;06:00:00;0.00;G
1990-02-14;06:00:00;0.00;G
1990-02-16;06:00:00;0.03;G
1990-02-17;06:00:00;0.03;Y
1990-02-18;06:00:00;0.02;G
1990-02-19;06:00:00;0.00;G
1990-02-20;06:00:00;0.00;G
1990-02-21;06:00:00;0.00;G
1990-02-22;06:00:00;0.00;G
1990-02-23;06:00:00;0.00;G
1990-02-24;06:00:00;0.00;G
1990-02-25;06:00:00;0.00;G
1990-02-26;06:00:00;0.00;G
1990-02-27;06:00:00;0.00;G
1990-02-28;06:00:00;0.01;G
1990-03-01;06:00:00;0.00;G
1990-03-02;06:00:00;0.00;G
1990-03-03;06:00:00;0.00;G
1990-03-04;06:00:00;0.00;G
1990-03-05;06:00:00;0.00;G
1990-03-06;06:00:00;0.00;G
1990-03-07;06:00:00;0.00;G
1990-03-08;06:00:00;0.00;G
1990-03-09;06:00:00;0.00;G
1990-03-10;06:00:00;0.04;G
1990-03-11;06:00:00;0.03;G
1990-03-12;06:00:00;0.10;G
1990-03-13;06:00:00;0.06;G
1990-03-14;06:00:00;0.05;G
1990-03-15;06:00:00;0.03;G
1990-03-16;06:00:00;0.00;G
1990-03-17;06:00:00;0.00;G
1990-03-18;06:00:00;0.00;G
1990-03-19;06:00:00;0.00;G
1990-03-20;06:00:00;0.00;G
1990-03-22;06:00:00;0.00;G
1990-03-23;06:00:00;0.00;G
1990-03-24;06:00:00;0.00;G
1990-03-25;06:00:00;0.00;G
1990-03-26;06:00:00;0.00;G
1990-03-27;06:00:00;0.00;G
1990-03-28;06:00:00;0.00;G
1990-03-29;06:00:00;0.00;G
1990-03-30;06:00:00;0.00;G
1990-03-31;06:00:00;0.00;G
1990-04-01;06:00:00;0.00;G
1990-04-02;06:00:00;0.00;G
1990-04-03;06:00:00;0.00;G
1990-04-04;06:00:00;0.00;G
1990-04-05;06:00:00;0.00;G
1990-04-06;06:00:00;0.00;G
1990-04-07;06:00:00;0.00;G
1990-04-08;06:00:00;0.00;G
1990-04-09;06:00:00;0.00;G
1990-04-10;06:00:00;0.00;G
1990-04-11;06:00:00;0.00;G
1990-04-12;06:00:00;0.00;G
1990-04-13;06:00:00;0.00;G
1990-04-14;06:00:00;0.00;G
1990-04-15;06:00:00;0.00;G
1990-04-16;06:00:00;0.00;G
1990-04-17;06:00:00;0.00;G
1990-04-18;06:00:00;0.00;G
1990-04-19;06:00:00;0.00;G
1990-04-20;06:00:00;0.00;G
1990-04-21;06:00:00;0.00;G
1990-04-22;06:00:00;0.00;G
1990-04-23;06:00:00;0.00;G
1990-04-24;06:00:00;0.00;G
1990-04-26;06:00:00;0.00;G
1990-04-27;06:00:00;0.00;G
1990-04-28;06:00:00;0.00;G
1990-04-29;06:00:00;0.00;G
1990-04-30;06:00:00;0.00;G
1990-05-01;06:00:00;0.00;G
1990-05-02;06:00:00;0.00;G
1990-05-03;06:00:00;0.00;G
1990-05-04;06:00:00;0.00;G
1990-05-05;06:00:00;0.00;G
1990-05-06;06:00:00;0.00;G
1990-05-07;06:00:00;0.00;G
1990-05-08;06:00:00;0.00;G
1990-05-09;06:00:00;0.00;G
1990-05-10;06:00:00;0.00;G
1990-05-11;06:00:00;0.00;G
1990-05-12;06:00:00;0.00;G
1990-05-13;06:00:00;0.00;G
1990-05-14;06:00:00;0.00;G
1990-05-15;06:00:00;0.00;G
1990-05-16;06:00:00;0.00;G
1990-05-17;06:00:00;0.00;G
1990-05-18;06:00:00;0.00;G
1990-05-19;06:00:00;0.00;G
1990-05-20;06:00:00;0.00;G
1990-05-21;06:00:00;0.00;G
1990-05-22;06:00:00;0.00;G
1990-05-23;06:00:00;0.00;G
1990-05-24;06:00:00;0.00;G
1990-05-25;06:00:00;0.00;G
1990-05-26;06:00:00;0.00;G
1990-05-27;06:00:00;0.00;G
1990-05-28;06:00:00;0.00;G
1990-05-29;06:00:00;0.00;G
1990-05-30;06:00:00;0.00;G
1990-05-31;06:00:00;0.00;G
1990-06-01;06:00:00;0.00;G
1990-06-02;06:00:00;0.00;G
1990-06-03;06:00:00;0.00;G
1990-06-04;06:00:00;0.00;G
1990-06-05;06:00:00;0.00;G
1990-06-06;06:00:00;0.00;G
1990-06-07;06:00:00;0.00;G
1990-06-08;06:00:00;0.00;G
1990-06-09;06:00:00;0.00;G
1990-06-10;06:00:00;0.00;G
1990-06-11;06:00:00;0.00;G
1990-06-12;06:00:00;0.00;G
1990-06-13;06:00:00;0.00;G
1990-06-14;06:00:00;0.00;G
1990-06-15;06:00:00;0.00;G
1990-06-16;06:00:00;0.00;G
1990-06-17;06:00:00;0.00;G
1990-06-18;06:00:00;0.00;G
1990-06-19;06:00:00;0.00;G
1990-06-20;06:00:00;0.00;G
1990-06-21;06:00:00;0.00;G
1990-06-22;06:00:00;0.00;G
1990-06-23;06:00:00;0.00;G
1990-06-24;06:00:00;0.00;G
1990-06-25;06:00:00;0.00;G
1990-06-26;06:00:00;0.00;G
1990-06-28;06:00:00;0.00;G
1990-06-29;06:00:00;0.00;G
1990-06-30;06:00:00;0.00;G
1990-07-01;06:00:00;0.00;G
1990-07-02;06:00:00;0.00;G
1990-07-03;06:00:00;0.00;G
1990-07-04;06:00:00;0.00;G
1990-07-05;06:00:00;0.00;G
1990-07-06;06:00:00;0.00;G
1990-07-07;06:00:00;0.00;G
1990-07-08;06:00:00;0.00;G
1990-07-09;06:00:00;0.00;G
1990-07-10;06:00:00;0.00;G
1990-07-11;06:00:00;0.00;G
1990-07-12;06:00:00;0.00;G
1990-07-13;06:00:00;0.00;G
1990-07-14;06:00:00;0.00;G
1990-07-15;06:00:00;0.00;G
1990-07-16;06:00:00;0.00;G
1990-07-17;06:00:00;0.00;G
1990-07-18;06:00:00;0.00;G
1990-07-19;06:00:00;0.00;G
1990-07-20;06:00:00;0.00;G
1990-07-21;06:00:00;0.00;G
1990-07-22;06:00:00;0.00;G
1990-07-23;06:00:00;0.00;G
1990-07-24;06:00:00;0.00;G
1990-07-25;06:00:00;0.00;G
1990-07-26;06:00:00;0.00;G
1990-07-27;06:00:00;0.00;G
1990-07-28;06:00:00;0.00;G
1990-07-29;06:00:00;0.00;G
1990-07-30;06:00:00;0.00;G
1990-07-31;06:00:00;0.00;G
1990-08-01;06:00:00;0.00;G
1990-08-02;06:00:00;0.00;G
1990-08-03;06:00:00;0.00;G
1990-08-04;06:00:00;0.00;G
1990-08-05;06:00:00;0.00;G
1990-08-06;06:00:00;0.00;G
1990-08-07;06:00:00;0.00;G
1990-08-08;06:00:00;0.00;G
1990-08-09;06:00:00;0.00;G
1990-08-10;06:00:00;0.00;G
1990-08-12;06:00:00;0.00;G
1990-08-13;06:00:00;0.00;G
1990-08-14;06:00:00;0.00;G
1990-08-15;06:00:00;0.00;G
1990-08-16;06:00:00;0.00;G
1990-08-17;06:00:00;0.00;G
1990-08-18;06:00:00;0.00;G
1990-08-19;06:00:00;0.00;G
1990-08-20;06:00:00;0.00;G
1990-08-21;06:00:00;0.00;G
1990-08-22;06:00:00;0.00;G
1990-08-23;06:00:00;0.00;G
1990-08-24;06:00:00;0.00;G
1990-08-25;06:00:00;0.00;G
1990-08-26;06:00:00;0.00;G
1990-08-27;06:00:00;0.00;G
1990-08-28;06:00:00;0.00;G
1990-08-29;06:00:00;0.00;G
1990-08-30;06:00:00;0.00;G
1990-08-31;06:00:00;0.00;G
1990-09-01;06:00:00;0.00;G
1990-09-02;06:00:00;0.00;G
1990-09-03;06:00:00;0.00;G
1990-09-04;06:00:00;0.00;G
1990-09-05;06:00:00;0.00;G
1990-09-06;06:00:00;0.00;G
1990-09-07;06:00:00;0.00;G
1990-09-08;06:00:00;0.00;G
1990-09-09;06:00:00;0.00;G
1990-09-10;06:00:00;0.00;G
1990-09-11;06:00:00;0.00;G
1990-09-12;06:00:00;0.00;G
1990-09-13;06:00:00;0.00;G
1990-09-14;06:00:00;0.00;G
1990-09-15;06:00:00;0.00;G
1990-09-16;06:00:00;0.00;G
1990-09-17;06:00:00;0.00;G
1990-09-18;06:00:00;0.00;G
1990-09-19;06:00:00;0.00;G
1990-09-20;06:00:00;0.00;G
1990-09-21;06:00:00;0.00;G
1990-09-22;06:00:00;0.00;G
1990-09-23;06:00:00;0.00;G
1990-09-24;06:00:00;0.00;G
1990-09-25;06:00:00;0.00;G
1990-09-26;06:00:00;0.00;G
1990-09-27;06:00:00;0.00;G
1990-09-28;06:00:00;0.00;G
1990-09-29;06:00:00;0.00;G
1990-09-30;06:00:00;0.00;G
1990-10-01;06:00:00;0.00;G
1990-10-02;06:00:00;0.00;G
1990-10-03;06:00:00;0.00;G
1990-10-04;06:00:00;0.00;G
1990-10-06;06:00:00;0.00;G
1990-10-07;06:00:00;0.00;G
1990-10-08;06:00:00;0.00;G
1990-10-09;06:00:00;0.00;G
1990-10-10;06:00:00;0.00;G
1990-10-11;06:00:00;0.00;G
1990-10-12;06:00:00;0.00;G
1990-10-13;06:00:00;0.00;G
1990-10-14;06:00:00;0.00;G
1990-10-15;06:00:00;0.00;G
1990-10-16;06:00:00;0.00;G
1990-10-17;06:00:00;0.00;G
1990-10-18;06:00:00;0.00;G
1990-10-19;06:00:00;0.00;G
1990-10-20;06:00:00;0.00;G
1990-10-21;06:00:00;0.00;G
1990-10-22;06:00:00;0.00;G
1990-10-23;06:00:00;0.00;G
1990-10-24;06:00:00;0.00;G
1990-10-26;06:00:00;0.00;G
1990-10-27;06:00:00;0.00;G
1990-10-28;06:00:00;0.00;G
1990-10-29;06:00:00;0.00;G
1990-10-30;06:00:00;0.00;G
1990-10-31;06:00:00;0.00;G
1990-11-01;06:00:00;0.00;G
1990-11-02;06:00:00;0.00;G
1990-11-03;06:00:00;0.00;G
1990-11-04;06:00:00;0.00;G
1990-11-05;06:00:00;0.00;G
1990-11-06;06:00:00;0.00;G
1990-11-07;06:00:00;0.00;G
1990-11-08;06:00:00;0.00;G
1990-11-09;06:00:00;0.00;G
1990-11-10;06:00:00;0.00;G
1990-11-12;06:00:00;0.00;G
1990-11-13;06:00:00;0.00;G
1990-11-14;06:00:00;0.00;G
1990-11-15;06:00:00;0.00;G
1990-11-16;06:00:00;0.00;G
1990-11-17;06:00:00;0.00;G
1990-11-18;06:00:00;0.00;G
1990-11-19;06:00:00;0.00;G
1990-11-20;06:00:00;0.00;G
1990-11-24;06:00:00;0.00;G
1990-11-25;06:00:00;0.00;G
1990-11-26;06:00:00;0.00;G
1990-11-27;06:00:00;0.00;G
1990-11-28;06:00:00;0.00;G
1990-11-29;06:00:00;0.00;G
1990-11-30;06:00:00;0.00;G
1990-12-01;06:00:00;0.00;G
1990-12-02;06:00:00;0.00;G
1990-12-03;06:00:00;0.00;G
1990-12-04;06:00:00;0.00;G
1990-12-05;06:00:00;0.00;G
1990-12-06;06:00:00;0.00;G
1990-12-07;06:00:00;0.00;G
1990-12-08;06:00:00;0.00;G
1990-12-09;06:00:00;0.00;G
1990-12-10;06:00:00;0.00;G
1990-12-11;06:00:00;0.00;G
1990-12-12;06:00:00;0.00;G
1990-12-13;06:00:00;0.00;G
1990-12-14;06:00:00;0.00;G
1990-12-15;06:00:00;0.00;G
1990-12-16;06:00:00;0.00;G
1990-12-17;06:00:00;0.00;G
1990-12-18;06:00:00;0.00;G
1990-12-19;06:00:00;0.00;G
1990-12-20;06:00:00;0.02;G
1990-12-21;06:00:00;0.03;G
1990-12-22;06:00:00;0.03;G
1990-12-23;06:00:00;0.02;G
1990-12-24;06:00:00;0.00;G
1990-12-25;06:00:00;0.00;G
1990-12-26;06:00:00;0.00;G
1990-12-27;06:00:00;0.00;G
1990-12-28;06:00:00;0.00;G
1990-12-29;06:00:00;0.00;G
1990-12-30;06:00:00;0.00;G
1990-12-31;06:00:00;0.00;G
1991-01-01;06:00:00;0.00;G
1991-01-02;06:00:00;0.00;G
1991-01-03;06:00:00;0.00;G
1991-01-04;06:00:00;0.00;G
1991-01-05;06:00:00;0.00;G
1991-01-06;06:00:00;0.00;G
1991-01-07;06:00:00;0.00;G
1991-01-08;06:00:00;0.00;G
1991-01-09;06:00:00;0.00;G
1991-01-10;06:00:00;0.00;G
1991-01-11;06:00:00;0.00;G
1991-01-12;06:00:00;0.02;G
1991-01-13;06:00:00;0.02;G
1991-01-14;06:00:00;0.02;G
1991-01-15;06:00:00;0.02;G
1991-01-16;06:00:00;0.02;G
1991-01-17;06:00:00;0.02;G
1991-01-18;06:00:00;0.02;G
1991-01-19;06:00:00;0.01;G
1991-01-20;06:00:00;0.00;G
1991-01-21;06:00:00;0.00;G
1991-01-22;06:00:00;0.00;G
1991-01-23;06:00:00;0.00;G
1991-01-24;06:00:00;0.00;G
1991-01-25;06:00:00;0.00;G
1991-01-26;06:00:00;0.00;G
1991-01-27;06:00:00;0.01;G
1991-01-28;06:00:00;0.01;G
1991-01-29;06:00:00;0.00;G
1991-01-30;06:00:00;0.00;G
1991-01-31;06:00:00;0.00;G
1991-02-01;06:00:00;0.00;G
1991-02-02;06:00:00;0.00;G
1991-02-03;06:00:00;0.01;G
1991-02-04;06:00:00;0.01;G
1991-02-05;06:00:00;0.01;G
1991-02-06;06:00:00;0.01;G
1991-02-07;06:00:00;0.01;G
1991-02-08;06:00:00;0.00;G
1991-02-09;06:00:00;0.00;G
1991-02-10;06:00:00;0.01;G
1991-02-11;06:00:00;0.01;G
1991-02-12;06:00:00;0.03;G
1991-02-13;06:00:00;0.12;G
1991-02-14;06:00:00;0.14;G
1991-02-15;06:00:00;0.18;G
1991-02-16;06:00:00;0.20;G
1991-02-17;06:00:00;0.20;G
1991-02-18;06:00:00;0.20;G
1991-02-19;06:00:00;0.20;G
1991-02-20;06:00:00;0.20;G
1991-02-21;06:00:00;0.06;G
1991-02-22;06:00:00;0.02;G
1991-02-23;06:00:00;0.00;G
1991-02-24;06:00:00;0.00;G
1991-02-25;06:00:00;0.00;G
1991-02-27;06:00:00;0.00;G
1991-02-28;06:00:00;0.00;G
1991-03-01;06:00:00;0.02;G
1991-03-02;06:00:00;0.01;G
1991-03-03;06:00:00;0.00;G
1991-03-04;06:00:00;0.03;G
1991-03-05;06:00:00;0.01;G
1991-03-06;06:00:00;0.00;G
1991-03-07;06:00:00;0.00;G
1991-03-08;06:00:00;0.00;G
1991-03-09;06:00:00;0.00;G
1991-03-10;06:00:00;0.00;G
1991-03-11;06:00:00;0.00;G
1991-03-12;06:00:00;0.00;G
1991-03-13;06:00:00;0.00;G
1991-03-14;06:00:00;0.02;G
1991-03-15;06:00:00;0.00;G
1991-03-16;06:00:00;0.00;G
1991-03-17;06:00:00;0.00;G
1991-03-18;06:00:00;0.00;G
1991-03-19;06:00:00;0.00;G
1991-03-20;06:00:00;0.00;G
1991-03-21;06:00:00;0.00;G
1991-03-22;06:00:00;0.00;G
1991-03-23;06:00:00;0.00;G
1991-03-24;06:00:00;0.00;G
1991-03-25;06:00:00;0.00;G
1991-03-26;06:00:00;0.00;G
1991-03-27;06:00:00;0.00;G
1991-03-28;06:00:00;0.00;G
1991-03-29;06:00:00;0.00;G
1991-03-30;06:00:00;0.00;G
1991-03-31;06:00:00;0.00;G
1991-04-01;06:00:00;0.00;G
1991-04-02;06:00:00;0.00;G
1991-04-03;06:00:00;0.00;G
1991-04-04;06:00:00;0.00;G
1991-04-05;06:00:00;0.00;G
1991-04-06;06:00:00;0.00;G
1991-04-07;06:00:00;0.00;G
1991-04-08;06:00:00;0.00;G
1991-04-09;06:00:00;0.00;G
1991-04-10;06:00:00;0.00;G
1991-04-11;06:00:00;0.00;G
1991-04-12;06:00:00;0.00;G
1991-04-13;06:00:00;0.00;G
1991-04-14;06:00:00;0.00;G
1991-04-15;06:00:00;0.00;G
1991-04-16;06:00:00;0.00;G
1991-04-17;06:00:00;0.00;G
1991-04-18;06:00:00;0.02;G
1991-04-19;06:00:00;0.00;G
1991-04-20;06:00:00;0.00;G
1991-04-21;06:00:00;0.01;G
1991-04-22;06:00:00;0.00;G
1991-04-23;06:00:00;0.00;G
1991-04-24;06:00:00;0.00;G
1991-04-25;06:00:00;0.00;G
1991-04-26;06:00:00;0.00;G
1991-04-27;06:00:00;0.00;G
1991-04-28;06:00:00;0.00;G
1991-04-29;06:00:00;0.00;G
1991-04-30;06:00:00;0.00;G
1991-05-01;06:00:00;0.00;G
1991-05-02;06:00:00;0.00;G
1991-05-03;06:00:00;0.00;G
1991-05-04;06:00:00;0.00;G
1991-05-05;06:00:00;0.00;G
1991-05-10;06:00:00;0.00;G
1991-05-11;06:00:00;0.00;G
1991-05-13;06:00:00;0.00;G
1991-05-14;06:00:00;0.00;G
1991-05-15;06:00:00;0.00;G
1991-05-16;06:00:00;0.00;G
1991-05-17;06:00:00;0.00;G
1991-05-18;06:00:00;0.00;G
1991-05-19;06:00:00;0.00;G
1991-05-20;06:00:00;0.00;G
1991-05-21;06:00:00;0.00;G
1991-05-22;06:00:00;0.00;G
1991-05-23;06:00:00;0.00;G
1991-05-24;06:00:00;0.00;G
1991-05-25;06:00:00;0.00;G
1991-05-26;06:00:00;0.00;G
1991-05-27;06:00:00;0.00;G
1991-05-28;06:00:00;0.00;G
1991-05-29;06:00:00;0.00;G
1991-05-30;06:00:00;0.00;G
1991-05-31;06:00:00;0.00;G
1991-06-01;06:00:00;0.00;G
1991-06-02;06:00:00;0.00;G
1991-06-03;06:00:00;0.00;G
1991-06-04;06:00:00;0.00;G
1991-06-05;06:00:00;0.00;G
1991-06-06;06:00:00;0.00;G
1991-06-07;06:00:00;0.00;G
1991-06-08;06:00:00;0.00;G
1991-06-09;06:00:00;0.00;G
1991-06-10;06:00:00;0.00;G
1991-06-11;06:00:00;0.00;G
1991-06-12;06:00:00;0.00;G
1991-06-13;06:00:00;0.00;G
1991-06-14;06:00:00;0.00;G
1991-06-15;06:00:00;0.00;G
1991-06-16;06:00:00;0.00;G
1991-06-17;06:00:00;0.00;G
1991-06-18;06:00:00;0.00;G
1991-06-19;06:00:00;0.00;G
1991-06-20;06:00:00;0.00;G
1991-06-21;06:00:00;0.00;G
1991-06-22;06:00:00;0.00;G
1991-06-23;06:00:00;0.00;G
1991-06-24;06:00:00;0.00;G
1991-06-25;06:00:00;0.00;G
1991-06-26;06:00:00;0.00;G
1991-06-27;06:00:00;0.00;G
1991-06-28;06:00:00;0.00;G
1991-06-29;06:00:00;0.00;G
1991-06-30;06:00:00;0.00;G
1991-07-01;06:00:00;0.00;G
1991-07-02;06:00:00;0.00;G
1991-07-03;06:00:00;0.00;G
1991-07-04;06:00:00;0.00;G
1991-07-05;06:00:00;0.00;G
1991-07-06;06:00:00;0.00;G
1991-07-07;06:00:00;0.00;G
1991-07-08;06:00:00;0.00;G
1991-07-09;06:00:00;0.00;G
1991-07-10;06:00:00;0.00;G
1991-07-11;06:00:00;0.00;G
1991-07-12;06:00:00;0.00;G
1991-07-13;06:00:00;0.00;G
1991-07-14;06:00:00;0.00;G
1991-07-15;06:00:00;0.00;G
1991-07-16;06:00:00;0.00;G
1991-07-22;06:00:00;0.00;G
1991-07-23;06:00:00;0.00;G
1991-07-24;06:00:00;0.00;G
1991-07-25;06:00:00;0.00;G
1991-07-26;06:00:00;0.00;G
1991-07-27;06:00:00;0.00;G
1991-07-28;06:00:00;0.00;G
1991-07-29;06:00:00;0.00;G
1991-07-30;06:00:00;0.00;G
1991-07-31;06:00:00;0.00;G
1991-08-01;06:00:00;0.00;G
1991-08-02;06:00:00;0.00;G
1991-08-03;06:00:00;0.00;G
1991-08-04;06:00:00;0.00;G
1991-08-05;06:00:00;0.00;G
1991-08-06;06:00:00;0.00;G
1991-08-07;06:00:00;0.00;G
1991-08-08;06:00:00;0.00;G
1991-08-09;06:00:00;0.00;G
1991-08-10;06:00:00;0.00;G
1991-08-11;06:00:00;0.00;G
1991-08-12;06:00:00;0.00;G
1991-08-13;06:00:00;0.00;G
1991-08-14;06:00:00;0.00;G
1991-08-15;06:00:00;0.00;G
1991-08-16;06:00:00;0.00;G
1991-08-17;06:00:00;0.00;G
1991-08-18;06:00:00;0.00;G
1991-08-19;06:00:00;0.00;G
1991-08-20;06:00:00;0.00;G
1991-08-21;06:00:00;0.00;G
1991-08-22;06:00:00;0.00;G
1991-08-23;06:00:00;0.00;G
1991-08-24;06:00:00;0.00;G
1991-08-25;06:00:00;0.00;G
1991-08-26;06:00:00;0.00;G
1991-08-27;06:00:00;0.00;G
1991-08-28;06:00:00;0.00;G
1991-08-29;06:00:00;0.00;G
1991-08-30;06:00:00;0.00;G
1991-08-31;06:00:00;0.00;G
1991-09-01;06:00:00;0.00;G
1991-09-02;06:00:00;0.00;G
1991-09-03;06:00:00;0.00;G
1991-09-04;06:00:00;0.00;G
1991-09-05;06:00:00;0.00;G
1991-09-06;06:00:00;0.00;G
1991-09-07;06:00:00;0.00;G
1991-09-08;06:00:00;0.00;G
1991-09-09;06:00:00;0.00;G
1991-09-10;06:00:00;0.00;G
1991-09-11;06:00:00;0.00;G
1991-09-12;06:00:00;0.00;G
1991-09-13;06:00:00;0.00;G
1991-09-14;06:00:00;0.00;G
1991-09-15;06:00:00;0.00;G
1991-09-16;06:00:00;0.00;G
1991-09-17;06:00:00;0.00;G
1991-09-18;06:00:00;0.00;G
1991-09-19;06:00:00;0.00;G
1991-09-20;06:00:00;0.00;G
1991-09-21;06:00:00;0.00;G
1991-09-22;06:00:00;0.00;G
1991-09-23;06:00:00;0.00;G
1991-09-24;06:00:00;0.00;G
1991-09-25;06:00:00;0.00;G
1991-09-26;06:00:00;0.00;G
1991-09-27;06:00:00;0.00;G
1991-09-28;06:00:00;0.00;G
1991-09-29;06:00:00;0.00;G
1991-09-30;06:00:00;0.00;G
1991-10-01;06:00:00;0.00;G
1991-10-02;06:00:00;0.00;G
1991-10-03;06:00:00;0.00;G
1991-10-04;06:00:00;0.00;G
1991-10-05;06:00:00;0.00;G
1991-10-06;06:00:00;0.00;G
1991-10-07;06:00:00;0.00;G
1991-10-08;06:00:00;0.00;G
1991-10-09;06:00:00;0.00;G
1991-10-10;06:00:00;0.00;G
1991-10-11;06:00:00;0.00;G
1991-10-12;06:00:00;0.00;G
1991-10-13;06:00:00;0.00;G
1991-10-14;06:00:00;0.00;G
1991-10-15;06:00:00;0.00;G
1991-10-16;06:00:00;0.00;G
1991-10-17;06:00:00;0.00;G
1991-10-18;06:00:00;0.00;G
1991-10-19;06:00:00;0.00;G
1991-10-20;06:00:00;0.00;G
1991-10-21;06:00:00;0.00;G
1991-10-22;06:00:00;0.00;G
1991-10-23;06:00:00;0.00;G
1991-10-24;06:00:00;0.00;G
1991-10-25;06:00:00;0.00;G
1991-10-26;06:00:00;0.00;G
1991-10-27;06:00:00;0.00;G
1991-10-28;06:00:00;0.00;G
1991-10-29;06:00:00;0.00;G
1991-10-30;06:00:00;0.00;G
1991-10-31;06:00:00;0.00;G
1991-11-01;06:00:00;0.00;G
1991-11-02;06:00:00;0.00;G
1991-11-03;06:00:00;0.00;G
1991-11-04;06:00:00;0.00;G
1991-11-05;06:00:00;0.00;G
1991-11-06;06:00:00;0.00;G
1991-11-07;06:00:00;0.00;G
1991-11-08;06:00:00;0.00;G
1991-11-09;06:00:00;0.00;G
1991-11-10;06:00:00;0.00;G
1991-11-11;06:00:00;0.00;G
1991-11-12;06:00:00;0.00;G
1991-11-13;06:00:00;0.00;G
1991-11-14;06:00:00;0.00;G
1991-11-15;06:00:00;0.00;G
1991-11-16;06:00:00;0.00;G
1991-11-17;06:00:00;0.00;G
1991-11-18;06:00:00;0.00;G
1991-11-19;06:00:00;0.00;G
1991-11-21;06:00:00;0.00;G
1991-11-22;06:00:00;0.00;G
1991-11-23;06:00:00;0.00;G
1991-11-24;06:00:00;0.00;G
1991-11-25;06:00:00;0.00;G
1991-11-26;06:00:00;0.00;G
1991-11-27;06:00:00;0.00;G
1991-11-28;06:00:00;0.00;G
1991-11-29;06:00:00;0.00;G
1991-11-30;06:00:00;0.00;G
1991-12-01;06:00:00;0.00;G
1991-12-02;06:00:00;0.00;G
1991-12-03;06:00:00;0.00;G
1991-12-04;06:00:00;0.00;G
1991-12-06;06:00:00;0.07;G
1991-12-07;06:00:00;0.08;G
1991-12-08;06:00:00;0.03;G
1991-12-09;06:00:00;0.03;G
1991-12-10;06:00:00;0.03;G
1991-12-11;06:00:00;0.02;G
1991-12-12;06:00:00;0.02;G
1991-12-13;06:00:00;0.01;G
1991-12-14;06:00:00;0.00;G
1991-12-15;06:00:00;0.00;G
1991-12-16;06:00:00;0.00;G
1991-12-17;06:00:00;0.00;G
1991-12-18;06:00:00;0.00;G
1991-12-19;06:00:00;0.00;G
1991-12-20;06:00:00;0.00;G
1991-12-21;06:00:00;0.00;G
1991-12-22;06:00:00;0.00;G
1991-12-23;06:00:00;0.00;G
1991-12-24;06:00:00;0.01;G
1991-12-25;06:00:00;0.04;G
1991-12-26;06:00:00;0.03;G
1991-12-27;06:00:00;0.02;G
1991-12-28;06:00:00;0.01;G
1991-12-29;06:00:00;0.00;G
1991-12-30;06:00:00;0.00;G
1991-12-31;06:00:00;0.00;G
1992-01-01;06:00:00;0.00;G
1992-01-02;06:00:00;0.00;G
1992-01-03;06:00:00;0.00;G
1992-01-04;06:00:00;0.00;G
1992-01-05;06:00:00;0.00;G
1992-01-06;06:00:00;0.00;G
1992-01-08;06:00:00;0.00;G
1992-01-09;06:00:00;0.00;G
1992-01-10;06:00:00;0.00;G
1992-01-11;06:00:00;0.00;G
1992-01-12;06:00:00;0.00;G
1992-01-13;06:00:00;0.00;G
1992-01-14;06:00:00;0.00;G
1992-01-15;06:00:00;0.00;G
1992-01-16;06:00:00;0.00;G
1992-01-17;06:00:00;0.02;G
1992-01-18;06:00:00;0.02;G
1992-01-19;06:00:00;0.02;G
1992-01-20;06:00:00;0.02;G
1992-01-21;06:00:00;0.02;G
1992-01-22;06:00:00;0.02;G
1992-01-23;06:00:00;0.02;G
1992-01-24;06:00:00;0.02;G
1992-01-25;06:00:00;0.02;G
1992-01-26;06:00:00;0.01;G
1992-01-27;06:00:00;0.02;G
1992-01-28;06:00:00;0.01;G
1992-01-29;06:00:00;0.00;G
1992-01-30;06:00:00;0.00;G
1992-01-31;06:00:00;0.00;G
1992-02-01;06:00:00;0.00;G
1992-02-02;06:00:00;0.00;G
1992-02-03;06:00:00;0.00;G
1992-02-04;06:00:00;0.05;G
1992-02-05;06:00:00;0.05;G
1992-02-06;06:00:00;0.05;G
1992-02-07;06:00:00;0.04;G
1992-02-08;06:00:00;0.00;G
1992-02-09;06:00:00;0.00;G
1992-02-10;06:00:00;0.00;G
1992-02-11;06:00:00;0.00;G
1992-02-12;06:00:00;0.00;G
1992-02-13;06:00:00;0.00;G
1992-02-14;06:00:00;0.00;G
1992-02-15;06:00:00;0.03;G
1992-02-16;06:00:00;0.03;G
1992-02-17;06:00:00;0.05;G
1992-02-18;06:00:00;0.08;G
1992-02-19;06:00:00;0.08;G
1992-02-20;06:00:00;0.08;G
1992-02-21;06:00:00;0.07;G
1992-02-22;06:00:00;0.07;G
1992-02-23;06:00:00;0.00;G
1992-02-24;06:00:00;0.00;G
1992-02-25;06:00:00;0.00;G
1992-02-26;06:00:00;0.00;G
1992-02-27;06:00:00;0.00;G
1992-02-28;06:00:00;0.00;G
1992-02-29;06:00:00;0.00;G
1992-03-01;06:00:00;0.00;G
1992-03-02;06:00:00;0.00;G
1992-03-03;06:00:00;0.00;G
1992-03-04;06:00:00;0.01;Y
1992-03-05;06:00:00;0.00;G
1992-03-06;06:00:00;0.00;G
1992-03-07;06:00:00;0.00;G
1992-03-08;06:00:00;0.00;G
1992-03-09;06:00:00;0.00;G
1992-03-10;06:00:00;0.00;G
1992-03-11;06:00:00;0.00;G
1992-03-12;06:00:00;0.00;G
1992-03-13;06:00:00;0.00;G
1992-03-14;06:00:00;0.00;G
1992-03-15;06:00:00;0.00;G
1992-03-16;06:00:00;0.02;G
1992-03-17;06:00:00;0.00;G
1992-03-18;06:00:00;0.00;G
1992-03-19;06:00:00;0.00;G
1992-03-20;06:00:00;0.00;G
1992-03-21;06:00:00;0.00;G
1992-03-22;06:00:00;0.00;G
1992-03-23;06:00:00;0.00;G
1992-03-24;06:00:00;0.00;G
1992-03-25;06:00:00;0.00;G
1992-03-26;06:00:00;0.00;G
1992-03-27;06:00:00;0.01;G
1992-03-28;06:00:00;0.01;G
1992-03-29;06:00:00;0.01;G
1992-03-30;06:00:00;0.00;G
1992-03-31;06:00:00;0.00;G
1992-04-01;06:00:00;0.00;G
1992-04-02;06:00:00;0.05;G
1992-04-03;06:00:00;0.00;G
1992-04-04;06:00:00;0.00;G
1992-04-05;06:00:00;0.02;G
1992-04-06;06:00:00;0.02;G
1992-04-07;06:00:00;0.00;G
1992-04-08;06:00:00;0.00;G
1992-04-09;06:00:00;0.00;G
1992-04-10;06:00:00;0.00;G
1992-04-11;06:00:00;0.00;G
1992-04-12;06:00:00;0.00;G
1992-04-13;06:00:00;0.00;G
1992-04-14;06:00:00;0.01;G
1992-04-15;06:00:00;0.00;G
1992-04-16;06:00:00;0.01;G
1992-04-17;06:00:00;0.05;G
1992-04-18;06:00:00;0.03;G
1992-04-19;06:00:00;0.00;G
1992-04-20;06:00:00;0.00;G
1992-04-21;06:00:00;0.02;G
1992-04-22;06:00:00;0.00;G
1992-04-23;06:00:00;0.00;G
1992-04-24;06:00:00;0.00;G
1992-04-25;06:00:00;0.00;G
1992-04-26;06:00:00;0.00;G
1992-04-27;06:00:00;0.00;G
1992-04-28;06:00:00;0.00;G
1992-04-29;06:00:00;0.00;G
1992-04-30;06:00:00;0.00;G
1992-05-01;06:00:00;0.00;G
1992-05-02;06:00:00;0.00;G
1992-05-03;06:00:00;0.00;G
1992-05-04;06:00:00;0.00;G
1992-05-05;06:00:00;0.00;G
1992-05-06;06:00:00;0.00;G
1992-05-07;06:00:00;0.00;G
1992-05-09;06:00:00;0.00;G
1992-05-10;06:00:00;0.00;G
1992-05-11;06:00:00;0.00;G
1992-05-12;06:00:00;0.00;G
1992-05-13;06:00:00;0.00;G
1992-05-14;06:00:00;0.00;G
1992-05-15;06:00:00;0.00;G
1992-05-16;06:00:00;0.00;G
1992-05-17;06:00:00;0.00;G
1992-05-18;06:00:00;0.00;G
1992-05-19;06:00:00;0.00;G
1992-05-20;06:00:00;0.00;G
1992-05-21;06:00:00;0.00;G
1992-05-22;06:00:00;0.00;G
1992-05-23;06:00:00;0.00;G
1992-05-24;06:00:00;0.00;G
1992-05-25;06:00:00;0.00;G
1992-05-26;06:00:00;0.00;G
1992-05-28;06:00:00;0.00;G
1992-05-29;06:00:00;0.00;G
1992-05-30;06:00:00;0.00;G
1992-05-31;06:00:00;0.00;G
1992-06-01;06:00:00;0.00;G
1992-06-02;06:00:00;0.00;G
1992-06-03;06:00:00;0.00;G
1992-06-04;06:00:00;0.00;G
1992-06-05;06:00:00;0.00;G
1992-06-06;06:00:00;0.00;G
1992-06-08;06:00:00;0.00;G
1992-06-09;06:00:00;0.00;G
1992-06-10;06:00:00;0.00;G
1992-06-11;06:00:00;0.00;G
1992-06-12;06:00:00;0.00;G
1992-06-13;06:00:00;0.00;G
1992-06-14;06:00:00;0.00;G
1992-06-15;06:00:00;0.00;G
1992-06-16;06:00:00;0.00;G
1992-06-17;06:00:00;0.00;G
1992-06-18;06:00:00;0.00;G
1992-06-19;06:00:00;0.00;G
1992-06-20;06:00:00;0.00;G
1992-06-21;06:00:00;0.00;G
1992-06-22;06:00:00;0.00;G
1992-06-23;06:00:00;0.00;G
1992-06-24;06:00:00;0.00;G
1992-06-25;06:00:00;0.00;G
1992-06-26;06:00:00;0.00;G
1992-06-27;06:00:00;0.00;G
1992-06-28;06:00:00;0.00;G
1992-06-29;06:00:00;0.00;G
1992-06-30;06:00:00;0.00;G
1992-07-01;06:00:00;0.00;G
1992-07-02;06:00:00;0.00;G
1992-07-03;06:00:00;0.00;G
1992-07-04;06:00:00;0.00;G
1992-07-05;06:00:00;0.00;G
1992-07-06;06:00:00;0.00;G
1992-07-07;06:00:00;0.00;G
1992-07-08;06:00:00;0.00;G
1992-07-09;06:00:00;0.00;G
1992-07-10;06:00:00;0.00;G
1992-07-11;06:00:00;0.00;G
1992-07-12;06:00:00;0.00;G
1992-07-13;06:00:00;0.00;G
1992-07-14;06:00:00;0.00;G
1992-07-15;06:00:00;0.00;G
1992-07-16;06:00:00;0.00;G
1992-07-17;06:00:00;0.00;G
1992-07-18;06:00:00;0.00;G
1992-07-19;06:00:00;0.00;G
1992-07-20;06:00:00;0.00;G
1992-07-21;06:00:00;0.00;G
1992-07-22;06:00:00;0.00;G
1992-07-23;06:00:00;0.00;G
1992-07-24;06:00:00;0.00;G
1992-07-25;06:00:00;0.00;G
1992-07-26;06:00:00;0.00;G
1992-07-27;06:00:00;0.00;G
1992-07-28;06:00:00;0.00;G
1992-07-29;06:00:00;0.00;G
1992-07-30;06:00:00;0.00;G
1992-07-31;06:00:00;0.00;G
1992-08-01;06:00:00;0.00;G
1992-08-02;06:00:00;0.00;G
1992-08-03;06:00:00;0.00;G
1992-08-04;06:00:00;0.00;G
1992-08-05;06:00:00;0.00;G
1992-08-06;06:00:00;0.00;G
1992-08-07;06:00:00;0.00;G
1992-08-08;06:00:00;0.00;G
1992-08-09;06:00:00;0.00;G
1992-08-10;06:00:00;0.00;G
1992-08-11;06:00:00;0.00;G
1992-08-12;06:00:00;0.00;G
1992-08-13;06:00:00;0.00;G
1992-08-14;06:00:00;0.00;G
1992-08-15;06:00:00;0.00;G
1992-08-16;06:00:00;0.00;G
1992-08-17;06:00:00;0.00;G
1992-08-18;06:00:00;0.00;G
1992-08-19;06:00:00;0.00;G
1992-08-20;06:00:00;0.00;G
1992-08-21;06:00:00;0.00;G
1992-08-22;06:00:00;0.00;G
1992-08-23;06:00:00;0.00;G
1992-08-24;06:00:00;0.00;G
1992-08-26;06:00:00;0.00;G
1992-08-27;06:00:00;0.00;G
1992-08-28;06:00:00;0.00;G
1992-08-29;06:00:00;0.00;G
1992-08-30;06:00:00;0.00;G
1992-09-01;06:00:00;0.00;G
1992-09-02;06:00:00;0.00;G
1992-09-03;06:00:00;0.00;G
1992-09-04;06:00:00;0.00;G
1992-09-05;06:00:00;0.00;G
1992-09-06;06:00:00;0.00;G
1992-09-07;06:00:00;0.00;G
1992-09-08;06:00:00;0.00;G
1992-09-09;06:00:00;0.00;G
1992-09-10;06:00:00;0.00;G
1992-09-11;06:00:00;0.00;G
1992-09-12;06:00:00;0.00;G
1992-09-13;06:00:00;0.00;G
1992-09-14;06:00:00;0.00;G
1992-09-15;06:00:00;0.00;G
1992-09-16;06:00:00;0.00;G
1992-09-17;06:00:00;0.00;G
1992-09-18;06:00:00;0.00;G
1992-09-19;06:00:00;0.00;G
1992-09-20;06:00:00;0.00;G
1992-09-21;06:00:00;0.00;G
1992-09-22;06:00:00;0.00;G
1992-09-24;06:00:00;0.00;G
1992-09-25;06:00:00;0.00;G
1992-09-26;06:00:00;0.00;G
1992-09-27;06:00:00;0.00;G
1992-09-28;06:00:00;0.00;G
1992-09-29;06:00:00;0.00;G
1992-09-30;06:00:00;0.00;G
1992-10-01;06:00:00;0.00;G
1992-10-02;06:00:00;0.00;G
1992-10-03;06:00:00;0.00;G
1992-10-04;06:00:00;0.00;G
1992-10-05;06:00:00;0.00;G
1992-10-06;06:00:00;0.00;G
1992-10-07;06:00:00;0.00;G
1992-10-08;06:00:00;0.00;G
1992-10-09;06:00:00;0.00;G
1992-10-10;06:00:00;0.00;G
1992-10-11;06:00:00;0.00;G
1992-10-12;06:00:00;0.00;G
1992-10-13;06:00:00;0.05;G
1992-10-14;06:00:00;0.00;G
1992-10-15;06:00:00;0.00;G
1992-10-16;06:00:00;0.00;G
1992-10-17;06:00:00;0.00;G
1992-10-18;06:00:00;0.00;G
1992-10-19;06:00:00;0.00;G
1992-10-20;06:00:00;0.00;G
1992-10-22;06:00:00;0.00;G
1992-10-23;06:00:00;0.00;G
1992-10-24;06:00:00;0.00;G
1992-10-25;06:00:00;0.00;G
1992-10-26;06:00:00;0.00;G
1992-10-27;06:00:00;0.00;G
1992-10-28;06:00:00;0.00;G
1992-10-29;06:00:00;0.02;G
1992-10-30;06:00:00;0.10;G
1992-10-31;06:00:00;0.10;G
1992-11-01;06:00:00;0.03;G
1992-11-02;06:00:00;0.00;G
1992-11-03;06:00:00;0.00;G
1992-11-04;06:00:00;0.00;G
1992-11-05;06:00:00;0.00;G
1992-11-06;06:00:00;0.00;G
1992-11-07;06:00:00;0.00;G
1992-11-08;06:00:00;0.00;G
1992-11-09;06:00:00;0.00;G
1992-11-10;06:00:00;0.00;G
1992-11-11;06:00:00;0.00;G
1992-11-12;06:00:00;0.00;G
1992-11-13;06:00:00;0.00;G
1992-11-14;06:00:00;0.01;G
1992-11-16;06:00:00;0.00;G
1992-11-17;06:00:00;0.00;G
1992-11-18;06:00:00;0.00;G
1992-11-19;06:00:00;0.00;G
1992-11-20;06:00:00;0.00;G
1992-11-21;06:00:00;0.00;G
1992-11-23;06:00:00;0.02;G
1992-11-24;06:00:00;0.01;G
1992-11-25;06:00:00;0.00;G
1992-11-26;06:00:00;0.00;G
1992-11-27;06:00:00;0.00;G
1992-11-28;06:00:00;0.00;G
1992-11-29;06:00:00;0.00;G
1992-11-30;06:00:00;0.00;G
1992-12-01;06:00:00;0.00;G
1992-12-02;06:00:00;0.00;G
1992-12-03;06:00:00;0.00;G
1992-12-04;06:00:00;0.00;G
1992-12-05;06:00:00;0.00;G
1992-12-06;06:00:00;0.00;G
1992-12-07;06:00:00;0.00;G
1992-12-08;06:00:00;0.00;G
1992-12-09;06:00:00;0.00;G
1992-12-10;06:00:00;0.00;G
1992-12-11;06:00:00;0.00;G
1992-12-12;06:00:00;0.00;G
1992-12-15;06:00:00;0.00;G
1992-12-16;06:00:00;0.00;G
1992-12-17;06:00:00;0.00;G
1992-12-18;06:00:00;0.00;G
1992-12-19;06:00:00;0.00;G
1992-12-20;06:00:00;0.00;G
1992-12-21;06:00:00;0.00;G
1992-12-22;06:00:00;0.00;G
1992-12-23;06:00:00;0.00;G
1992-12-24;06:00:00;0.00;G
1992-12-25;06:00:00;0.00;G
1992-12-26;06:00:00;0.00;G
1992-12-27;06:00:00;0.00;G
1992-12-28;06:00:00;0.00;G
1992-12-29;06:00:00;0.00;G
1992-12-30;06:00:00;0.00;G
1992-12-31;06:00:00;0.00;G
1993-01-01;06:00:00;0.00;G
1993-01-02;06:00:00;0.00;G
1993-01-03;06:00:00;0.00;G
1993-01-04;06:00:00;0.00;G
1993-01-05;06:00:00;0.00;G
1993-01-06;06:00:00;0.00;G
1993-01-07;06:00:00;0.00;G
1993-01-08;06:00:00;0.00;G
1993-01-09;06:00:00;0.00;G
1993-01-10;06:00:00;0.00;G
1993-01-11;06:00:00;0.00;G
1993-01-12;06:00:00;0.00;G
1993-01-13;06:00:00;0.00;G
1993-01-14;06:00:00;0.00;G
1993-01-15;06:00:00;0.00;G
1993-01-16;06:00:00;0.00;G
1993-01-17;06:00:00;0.00;G
1993-01-18;06:00:00;0.00;G
1993-01-19;06:00:00;0.00;G
1993-01-20;06:00:00;0.00;G
1993-01-21;06:00:00;0.00;G
1993-01-22;06:00:00;0.00;G
1993-01-24;06:00:00;0.00;G
1993-01-25;06:00:00;0.00;G
1993-01-26;06:00:00;0.00;G
1993-01-29;06:00:00;0.02;G
1993-01-30;06:00:00;0.02;G
1993-01-31;06:00:00;0.02;G
1993-02-01;06:00:00;0.02;G
1993-02-02;06:00:00;0.02;G
1993-02-04;06:00:00;0.00;G
1993-02-05;06:00:00;0.00;G
1993-02-07;06:00:00;0.00;G
1993-02-08;06:00:00;0.00;G
1993-02-09;06:00:00;0.00;G
1993-02-10;06:00:00;0.00;G
1993-02-11;06:00:00;0.00;G
1993-02-12;06:00:00;0.00;G
1993-02-13;06:00:00;0.00;G
1993-02-14;06:00:00;0.00;G
1993-02-15;06:00:00;0.00;G
1993-02-16;06:00:00;0.00;G
1993-02-17;06:00:00;0.00;G
1993-02-18;06:00:00;0.00;G
1993-02-19;06:00:00;0.06;G
1993-02-20;06:00:00;0.08;G
1993-02-21;06:00:00;0.10;G
1993-02-22;06:00:00;0.13;G
1993-02-23;06:00:00;0.14;G
1993-02-24;06:00:00;0.14;G
1993-02-25;06:00:00;0.13;G
1993-02-26;06:00:00;0.10;G
1993-02-27;06:00:00;0.10;G
1993-02-28;06:00:00;0.10;G
1993-03-01;06:00:00;0.14;G
1993-03-02;06:00:00;0.14;G
1993-03-03;06:00:00;0.10;G
1993-03-04;06:00:00;0.10;G
1993-03-05;06:00:00;0.09;G
1993-03-06;06:00:00;0.10;G
1993-03-07;06:00:00;0.08;G
1993-03-08;06:00:00;0.08;G
1993-03-09;06:00:00;0.07;G
1993-03-10;06:00:00;0.06;G
1993-03-11;06:00:00;0.05;G
1993-03-12;06:00:00;0.05;G
1993-03-13;06:00:00;0.04;G
1993-03-14;06:00:00;0.03;G
1993-03-15;06:00:00;0.02;G
1993-03-16;06:00:00;0.00;G
1993-03-17;06:00:00;0.00;G
1993-03-18;06:00:00;0.00;G
1993-03-19;06:00:00;0.00;G
1993-03-21;06:00:00;0.00;G
1993-03-22;06:00:00;0.00;G
1993-03-23;06:00:00;0.00;G
1993-03-24;06:00:00;0.00;G
1993-03-25;06:00:00;0.00;G
1993-03-26;06:00:00;0.00;G
1993-03-27;06:00:00;0.00;G
1993-03-28;06:00:00;0.00;G
1993-03-29;06:00:00;0.00;G
1993-03-30;06:00:00;0.00;G
1993-03-31;06:00:00;0.00;G
1993-04-01;06:00:00;0.00;G
1993-04-02;06:00:00;0.00;G
1993-04-03;06:00:00;0.00;G
1993-04-04;06:00:00;0.00;G
1993-04-05;06:00:00;0.00;G
1993-04-06;06:00:00;0.00;G
1993-04-07;06:00:00;0.00;G
1993-04-08;06:00:00;0.00;G
1993-04-09;06:00:00;0.00;G
1993-04-10;06:00:00;0.00;G
1993-04-11;06:00:00;0.00;G
1993-04-12;06:00:00;0.00;G
1993-04-13;06:00:00;0.00;G
1993-04-14;06:00:00;0.00;G
1993-04-15;06:00:00;0.00;G
1993-04-16;06:00:00;0.00;G
1993-04-17;06:00:00;0.00;G
1993-04-18;06:00:00;0.00;G
1993-04-19;06:00:00;0.00;G
1993-04-20;06:00:00;0.00;G
1993-04-21;06:00:00;0.00;G
1993-04-22;06:00:00;0.00;G
1993-04-23;06:00:00;0.00;G
1993-04-24;06:00:00;0.00;G
1993-04-26;06:00:00;0.00;G
1993-04-27;06:00:00;0.00;G
1993-04-28;06:00:00;0.00;G
1993-04-29;06:00:00;0.00;G
1993-04-30;06:00:00;0.00;G
1993-05-01;06:00:00;0.00;G
1993-05-02;06:00:00;0.00;G
1993-05-03;06:00:00;0.00;G
1993-05-04;06:00:00;0.00;G
1993-05-05;06:00:00;0.00;G
1993-05-06;06:00:00;0.00;G
1993-05-07;06:00:00;0.00;G
1993-05-08;06:00:00;0.00;G
1993-05-09;06:00:00;0.00;G
1993-05-10;06:00:00;0.00;G
1993-05-11;06:00:00;0.00;G
1993-05-12;06:00:00;0.00;G
1993-05-13;06:00:00;0.00;G
1993-05-14;06:00:00;0.00;G
1993-05-15;06:00:00;0.00;G
1993-05-16;06:00:00;0.00;G
1993-05-17;06:00:00;0.00;G
1993-05-19;06:00:00;0.00;G
1993-05-20;06:00:00;0.00;G
1993-05-21;06:00:00;0.00;G
1993-05-22;06:00:00;0.00;G
1993-05-24;06:00:00;0.00;G
1993-05-25;06:00:00;0.00;G
1993-05-26;06:00:00;0.00;G
1993-05-27;06:00:00;0.00;G
1993-05-28;06:00:00;0.00;G
1993-05-29;06:00:00;0.00;G
1993-05-30;06:00:00;0.00;G
1993-05-31;06:00:00;0.00;G
1993-06-01;06:00:00;0.00;G
1993-06-02;06:00:00;0.00;G
1993-06-03;06:00:00;0.00;G
1993-06-04;06:00:00;0.00;G
1993-06-05;06:00:00;0.00;G
1993-06-06;06:00:00;0.00;G
1993-06-07;06:00:00;0.00;G
1993-06-08;06:00:00;0.00;G
1993-06-09;06:00:00;0.00;G
1993-06-10;06:00:00;0.00;G
1993-06-11;06:00:00;0.00;G
1993-06-12;06:00:00;0.00;G
1993-06-13;06:00:00;0.00;G
1993-06-14;06:00:00;0.00;G
1993-06-15;06:00:00;0.00;G
1993-06-16;06:00:00;0.00;G
1993-06-17;06:00:00;0.00;G
1993-06-18;06:00:00;0.00;G
1993-06-19;06:00:00;0.00;G
1993-06-20;06:00:00;0.00;G
1993-06-21;06:00:00;0.00;G
1993-06-22;06:00:00;0.00;G
1993-06-23;06:00:00;0.00;G
1993-06-24;06:00:00;0.00;G
1993-06-25;06:00:00;0.00;G
1993-06-26;06:00:00;0.00;G
1993-06-27;06:00:00;0.00;G
1993-06-28;06:00:00;0.00;G
1993-06-29;06:00:00;0.00;G
1993-06-30;06:00:00;0.00;G
1993-07-01;06:00:00;0.00;G
1993-07-02;06:00:00;0.00;G
1993-07-03;06:00:00;0.00;G
1993-07-04;06:00:00;0.00;G
1993-07-05;06:00:00;0.00;G
1993-07-06;06:00:00;0.00;G
1993-07-07;06:00:00;0.00;G
1993-07-08;06:00:00;0.00;G
1993-07-09;06:00:00;0.00;G
1993-07-10;06:00:00;0.00;G
1993-07-11;06:00:00;0.00;G
1993-07-12;06:00:00;0.00;G
1993-07-13;06:00:00;0.00;G
1993-07-14;06:00:00;0.00;G
1993-07-15;06:00:00;0.00;G
1993-07-16;06:00:00;0.00;G
1993-07-17;06:00:00;0.00;G
1993-07-18;06:00:00;0.00;G
1993-07-19;06:00:00;0.00;G
1993-07-20;06:00:00;0.00;G
1993-07-21;06:00:00;0.00;G
1993-07-22;06:00:00;0.00;G
1993-07-23;06:00:00;0.00;G
1993-07-24;06:00:00;0.00;G
1993-07-25;06:00:00;0.00;G
1993-07-26;06:00:00;0.00;G
1993-07-27;06:00:00;0.00;G
1993-07-28;06:00:00;0.00;G
1993-07-29;06:00:00;0.00;G
1993-07-30;06:00:00;0.00;G
1993-07-31;06:00:00;0.00;G
1993-08-01;06:00:00;0.00;G
1993-08-02;06:00:00;0.00;G
1993-08-03;06:00:00;0.00;G
1993-08-04;06:00:00;0.00;G
1993-08-05;06:00:00;0.00;G
1993-08-06;06:00:00;0.00;G
1993-08-07;06:00:00;0.00;G
1993-08-08;06:00:00;0.00;G
1993-08-09;06:00:00;0.00;G
1993-08-10;06:00:00;0.00;G
1993-08-11;06:00:00;0.00;G
1993-08-12;06:00:00;0.00;G
1993-08-13;06:00:00;0.00;G
1993-08-14;06:00:00;0.00;G
1993-08-15;06:00:00;0.00;G
1993-08-16;06:00:00;0.00;G
1993-08-17;06:00:00;0.00;G
1993-08-18;06:00:00;0.00;G
1993-08-19;06:00:00;0.00;G
1993-08-20;06:00:00;0.00;G
1993-08-21;06:00:00;0.00;G
1993-08-22;06:00:00;0.00;G
1993-08-23;06:00:00;0.00;G
1993-08-24;06:00:00;0.00;G
1993-08-25;06:00:00;0.00;G
1993-08-26;06:00:00;0.00;G
1993-08-27;06:00:00;0.00;G
1993-08-28;06:00:00;0.00;G
1993-08-29;06:00:00;0.00;G
1993-08-30;06:00:00;0.00;G
1993-08-31;06:00:00;0.00;G
1993-09-01;06:00:00;0.00;G
1993-09-02;06:00:00;0.00;G
1993-09-03;06:00:00;0.00;G
1993-09-04;06:00:00;0.00;G
1993-09-05;06:00:00;0.00;G
1993-09-06;06:00:00;0.00;G
1993-09-07;06:00:00;0.00;G
1993-09-08;06:00:00;0.00;G
1993-09-09;06:00:00;0.00;G
1993-09-10;06:00:00;0.00;G
1993-09-11;06:00:00;0.00;G
1993-09-12;06:00:00;0.00;G
1993-09-13;06:00:00;0.00;G
1993-09-14;06:00:00;0.00;G
1993-09-15;06:00:00;0.00;G
1993-09-16;06:00:00;0.00;G
1993-09-17;06:00:00;0.00;G
1993-09-18;06:00:00;0.00;G
1993-09-19;06:00:00;0.00;G
1993-09-20;06:00:00;0.00;G
1993-09-21;06:00:00;0.00;G
1993-09-22;06:00:00;0.00;G
1993-09-23;06:00:00;0.00;G
1993-09-24;06:00:00;0.00;G
1993-09-25;06:00:00;0.00;G
1993-09-26;06:00:00;0.00;G
1993-09-27;06:00:00;0.00;G
1993-09-28;06:00:00;0.00;G
1993-09-29;06:00:00;0.00;G
1993-09-30;06:00:00;0.00;G
1993-10-01;06:00:00;0.00;G
1993-10-02;06:00:00;0.00;G
1993-10-03;06:00:00;0.00;G
1993-10-04;06:00:00;0.00;G
1993-10-05;06:00:00;0.00;G
1993-10-06;06:00:00;0.00;G
1993-10-07;06:00:00;0.00;G
1993-10-08;06:00:00;0.00;G
1993-10-09;06:00:00;0.00;G
1993-10-10;06:00:00;0.00;G
1993-10-11;06:00:00;0.00;G
1993-10-12;06:00:00;0.00;G
1993-10-13;06:00:00;0.00;G
1993-10-14;06:00:00;0.00;G
1993-10-15;06:00:00;0.00;G
1993-10-16;06:00:00;0.00;G
1993-10-18;06:00:00;0.00;G
1993-10-19;06:00:00;0.00;G
1993-10-20;06:00:00;0.00;G
1993-10-21;06:00:00;0.00;G
1993-10-22;06:00:00;0.00;G
1993-10-23;06:00:00;0.00;G
1993-10-24;06:00:00;0.00;G
1993-10-25;06:00:00;0.00;G
1993-10-26;06:00:00;0.00;G
1993-10-27;06:00:00;0.00;G
1993-10-28;06:00:00;0.00;G
1993-10-29;06:00:00;0.00;G
1993-10-31;06:00:00;0.00;G
1993-11-01;06:00:00;0.00;G
1993-11-02;06:00:00;0.00;G
1993-11-03;06:00:00;0.00;G
1993-11-04;06:00:00;0.00;G
1993-11-05;06:00:00;0.00;G
1993-11-06;06:00:00;0.00;G
1993-11-07;06:00:00;0.00;G
1993-11-08;06:00:00;0.00;G
1993-11-09;06:00:00;0.00;G
1993-11-10;06:00:00;0.00;G
1993-11-11;06:00:00;0.00;G
1993-11-12;06:00:00;0.00;G
1993-11-13;06:00:00;0.00;G
1993-11-14;06:00:00;0.00;G
1993-11-15;06:00:00;0.00;G
1993-11-16;06:00:00;0.00;G
1993-11-17;06:00:00;0.00;G
1993-11-18;06:00:00;0.00;G
1993-11-19;06:00:00;0.00;G
1993-11-20;06:00:00;0.00;G
1993-11-21;06:00:00;0.00;G
1993-11-22;06:00:00;0.00;G
1993-11-23;06:00:00;0.00;G
1993-11-24;06:00:00;0.02;G
1993-11-25;06:00:00;0.02;G
1993-11-26;06:00:00;0.02;G
1993-11-27;06:00:00;0.03;G
1993-11-28;06:00:00;0.03;G
1993-11-29;06:00:00;0.03;G
1993-12-01;06:00:00;0.02;G
1993-12-02;06:00:00;0.03;G
1993-12-03;06:00:00;0.02;G
1993-12-04;06:00:00;0.02;G
1993-12-05;06:00:00;0.00;G
1993-12-06;06:00:00;0.00;G
1993-12-07;06:00:00;0.00;G
1993-12-08;06:00:00;0.00;G
1993-12-09;06:00:00;0.00;G
1993-12-10;06:00:00;0.00;G
1993-12-11;06:00:00;0.00;G
1993-12-12;06:00:00;0.04;G
1993-12-13;06:00:00;0.05;G
1993-12-14;06:00:00;0.05;G
1993-12-15;06:00:00;0.05;G
1993-12-16;06:00:00;0.05;G
1993-12-17;06:00:00;0.00;G
1993-12-18;06:00:00;0.00;G
1993-12-20;06:00:00;0.00;G
1993-12-21;06:00:00;0.01;G
1993-12-22;06:00:00;0.01;G
1993-12-23;06:00:00;0.01;G
1993-12-24;06:00:00;0.03;G
1993-12-25;06:00:00;0.05;G
1993-12-26;06:00:00;0.05;G
1993-12-27;06:00:00;0.05;G
1993-12-28;06:00:00;0.05;Y
1993-12-29;06:00:00;0.02;G
1993-12-30;06:00:00;0.02;G
1993-12-31;06:00:00;0.01;G
1994-01-01;06:00:00;0.01;G
1994-01-02;06:00:00;0.01;G
1994-01-03;06:00:00;0.02;G
1994-01-04;06:00:00;0.02;Y
1994-01-05;06:00:00;0.02;Y
1994-01-06;06:00:00;0.02;G
1994-01-07;06:00:00;0.01;G
1994-01-08;06:00:00;0.01;G
1994-01-09;06:00:00;0.01;G
1994-01-10;06:00:00;0.01;G
1994-01-11;06:00:00;0.01;G
1994-01-12;06:00:00;0.01;G
1994-01-13;06:00:00;0.00;G
1994-01-14;06:00:00;0.00;G
1994-01-15;06:00:00;0.00;G
1994-01-17;06:00:00;0.03;G
1994-01-18;06:00:00;0.03;G
1994-01-19;06:00:00;0.03;G
1994-01-20;06:00:00;0.02;G
1994-01-21;06:00:00;0.00;Y
1994-01-22;06:00:00;0.00;G
1994-01-24;06:00:00;0.03;G
1994-01-25;06:00:00;0.03;G
1994-01-26;06:00:00;0.05;G
1994-01-27;06:00:00;0.05;G
1994-01-28;06:00:00;0.05;G
1994-01-29;06:00:00;0.08;G
1994-01-30;06:00:00;0.09;G
1994-01-31;06:00:00;0.12;G
1994-02-01;06:00:00;0.12;G
1994-02-02;06:00:00;0.12;G
1994-02-03;06:00:00;0.12;G
1994-02-04;06:00:00;0.12;G
1994-02-05;06:00:00;0.12;G
1994-02-06;06:00:00;0.12;G
1994-02-07;06:00:00;0.12;G
1994-02-08;06:00:00;0.12;G
1994-02-09;06:00:00;0.12;G
1994-02-10;06:00:00;0.12;G
1994-02-11;06:00:00;0.12;G
1994-02-12;06:00:00;0.13;G
1994-02-13;06:00:00;0.13;G
1994-02-14;06:00:00;0.15;G
1994-02-15;06:00:00;0.15;G
1994-02-16;06:00:00;0.15;G
1994-02-17;06:00:00;0.15;G
1994-02-18;06:00:00;0.15;G
1994-02-19;06:00:00;0.15;G
1994-02-20;06:00:00;0.15;G
1994-02-21;06:00:00;0.15;G
1994-02-22;06:00:00;0.15;G
1994-02-23;06:00:00;0.15;G
1994-02-24;06:00:00;0.12;G
1994-02-25;06:00:00;0.12;G
1994-02-26;06:00:00;0.12;G
1994-02-27;06:00:00;0.12;G
1994-02-28;06:00:00;0.12;G
1994-03-01;06:00:00;0.10;G
1994-03-02;06:00:00;0.10;G
1994-03-03;06:00:00;0.10;G
1994-03-04;06:00:00;0.11;G
1994-03-05;06:00:00;0.10;G
1994-03-06;06:00:00;0.09;G
1994-03-07;06:00:00;0.08;G
1994-03-08;06:00:00;0.06;G
1994-03-09;06:00:00;0.00;G
1994-03-10;06:00:00;0.00;G
1994-03-11;06:00:00;0.00;G
1994-03-12;06:00:00;0.00;G
1994-03-13;06:00:00;0.00;G
1994-03-14;06:00:00;0.02;G
1994-03-15;06:00:00;0.00;G
1994-03-16;06:00:00;0.00;G
1994-03-17;06:00:00;0.00;G
1994-03-18;06:00:00;0.00;G
1994-03-19;06:00:00;0.00;G
1994-03-20;06:00:00;0.00;G
1994-03-21;06:00:00;0.00;G
1994-03-22;06:00:00;0.00;G
1994-03-23;06:00:00;0.02;G
1994-03-24;06:00:00;0.00;G
1994-03-25;06:00:00;0.00;G
1994-03-26;06:00:00;0.00;G
1994-03-27;06:00:00;0.01;G
1994-03-28;06:00:00;0.00;G
1994-03-30;06:00:00;0.00;G
1994-03-31;06:00:00;0.00;G
1994-04-01;06:00:00;0.00;G
1994-04-02;06:00:00;0.00;G
1994-04-03;06:00:00;0.00;G
1994-04-04;06:00:00;0.00;G
1994-04-05;06:00:00;0.00;G
1994-04-06;06:00:00;0.00;G
1994-04-07;06:00:00;0.00;G
1994-04-08;06:00:00;0.00;G
1994-04-09;06:00:00;0.00;G
1994-04-10;06:00:00;0.00;G
1994-04-11;06:00:00;0.00;G
1994-04-12;06:00:00;0.00;G
1994-04-13;06:00:00;0.00;G
1994-04-14;06:00:00;0.00;G
1994-04-15;06:00:00;0.00;G
1994-04-16;06:00:00;0.00;G
1994-04-17;06:00:00;0.00;G
1994-04-18;06:00:00;0.00;G
1994-04-19;06:00:00;0.00;G
1994-04-20;06:00:00;0.00;G
1994-04-21;06:00:00;0.00;G
1994-04-22;06:00:00;0.00;G
1994-04-23;06:00:00;0.00;G
1994-04-24;06:00:00;0.00;G
1994-04-25;06:00:00;0.00;G
1994-04-26;06:00:00;0.00;G
1994-04-27;06:00:00;0.00;G
1994-04-28;06:00:00;0.00;G
1994-04-29;06:00:00;0.00;G
1994-04-30;06:00:00;0.00;G
1994-05-01;06:00:00;0.00;G
1994-05-02;06:00:00;0.00;G
1994-05-03;06:00:00;0.00;G
1994-05-04;06:00:00;0.00;G
1994-05-05;06:00:00;0.00;G
1994-05-06;06:00:00;0.00;G
1994-05-07;06:00:00;0.00;G
1994-05-08;06:00:00;0.00;G
1994-05-09;06:00:00;0.00;G
1994-05-10;06:00:00;0.00;G
1994-05-11;06:00:00;0.00;G
1994-05-12;06:00:00;0.00;G
1994-05-13;06:00:00;0.00;G
1994-05-14;06:00:00;0.00;G
1994-05-15;06:00:00;0.00;G
1994-05-16;06:00:00;0.00;G
1994-05-17;06:00:00;0.00;G
1994-05-18;06:00:00;0.00;G
1994-05-19;06:00:00;0.00;G
1994-05-20;06:00:00;0.00;G
1994-05-21;06:00:00;0.00;G
1994-05-22;06:00:00;0.00;G
1994-05-23;06:00:00;0.00;G
1994-05-24;06:00:00;0.00;G
1994-05-25;06:00:00;0.00;G
1994-05-26;06:00:00;0.00;G
1994-05-27;06:00:00;0.00;G
1994-05-28;06:00:00;0.00;G
1994-05-29;06:00:00;0.00;G
1994-05-30;06:00:00;0.00;G
1994-05-31;06:00:00;0.00;G
1994-06-01;06:00:00;0.00;G
1994-06-03;06:00:00;0.00;G
1994-06-04;06:00:00;0.00;G
1994-06-05;06:00:00;0.00;G
1994-06-06;06:00:00;0.00;G
1994-06-07;06:00:00;0.00;G
1994-06-08;06:00:00;0.00;G
1994-06-09;06:00:00;0.00;G
1994-06-10;06:00:00;0.00;G
1994-06-11;06:00:00;0.00;G
1994-06-12;06:00:00;0.00;G
1994-06-13;06:00:00;0.00;G
1994-06-14;06:00:00;0.00;G
1994-06-15;06:00:00;0.00;G
1994-06-16;06:00:00;0.00;G
1994-06-17;06:00:00;0.00;G
1994-06-18;06:00:00;0.00;G
1994-06-19;06:00:00;0.00;G
1994-06-20;06:00:00;0.00;G
1994-06-21;06:00:00;0.00;G
1994-06-22;06:00:00;0.00;G
1994-06-23;06:00:00;0.00;G
1994-06-24;06:00:00;0.00;G
1994-06-25;06:00:00;0.00;G
1994-06-26;06:00:00;0.00;G
1994-06-27;06:00:00;0.00;G
1994-06-28;06:00:00;0.00;G
1994-06-29;06:00:00;0.00;G
1994-06-30;06:00:00;0.00;G
1994-07-01;06:00:00;0.00;G
1994-07-02;06:00:00;0.00;G
1994-07-03;06:00:00;0.00;G
1994-07-04;06:00:00;0.00;G
1994-07-05;06:00:00;0.00;G
1994-07-06;06:00:00;0.00;G
1994-07-07;06:00:00;0.00;G
1994-07-08;06:00:00;0.00;G
1994-07-09;06:00:00;0.00;G
1994-07-10;06:00:00;0.00;G
1994-07-11;06:00:00;0.00;G
1994-07-12;06:00:00;0.00;G
1994-07-13;06:00:00;0.00;G
1994-07-14;06:00:00;0.00;G
1994-07-15;06:00:00;0.00;G
1994-07-16;06:00:00;0.00;G
1994-07-17;06:00:00;0.00;G
1994-07-18;06:00:00;0.00;G
1994-07-19;06:00:00;0.00;G
1994-07-20;06:00:00;0.00;G
1994-07-21;06:00:00;0.00;G
1994-07-22;06:00:00;0.00;G
1994-07-23;06:00:00;0.00;G
1994-07-24;06:00:00;0.00;G
1994-07-25;06:00:00;0.00;G
1994-07-26;06:00:00;0.00;G
1994-07-27;06:00:00;0.00;G
1994-07-28;06:00:00;0.00;G
1994-07-29;06:00:00;0.00;G
1994-07-30;06:00:00;0.00;G
1994-07-31;06:00:00;0.00;G
1994-08-01;06:00:00;0.00;G
1994-08-02;06:00:00;0.00;G
1994-08-03;06:00:00;0.00;G
1994-08-04;06:00:00;0.00;G
1994-08-05;06:00:00;0.00;G
1994-08-06;06:00:00;0.00;G
1994-08-07;06:00:00;0.00;G
1994-08-08;06:00:00;0.00;G
1994-08-09;06:00:00;0.00;G
1994-08-10;06:00:00;0.00;G
1994-08-11;06:00:00;0.00;G
1994-08-12;06:00:00;0.00;G
1994-08-13;06:00:00;0.00;G
1994-08-14;06:00:00;0.00;G
1994-08-15;06:00:00;0.00;G
1994-08-16;06:00:00;0.00;G
1994-08-18;06:00:00;0.00;G
1994-08-20;06:00:00;0.00;G
1994-08-21;06:00:00;0.00;G
1994-08-22;06:00:00;0.00;G
1994-08-23;06:00:00;0.00;G
1994-08-24;06:00:00;0.00;G
1994-08-25;06:00:00;0.00;G
1994-08-26;06:00:00;0.00;G
1994-08-27;06:00:00;0.00;G
1994-08-28;06:00:00;0.00;G
1994-08-29;06:00:00;0.00;G
1994-08-30;06:00:00;0.00;G
1994-08-31;06:00:00;0.00;G
1994-09-01;06:00:00;0.00;G
1994-09-02;06:00:00;0.00;G
1994-09-03;06:00:00;0.00;G
1994-09-04;06:00:00;0.00;G
1994-09-05;06:00:00;0.00;G
1994-09-06;06:00:00;0.00;G
1994-09-07;06:00:00;0.00;G
1994-09-08;06:00:00;0.00;G
1994-09-09;06:00:00;0.00;G
1994-09-10;06:00:00;0.00;G
1994-09-11;06:00:00;0.00;G
1994-09-12;06:00:00;0.00;G
1994-09-13;06:00:00;0.00;G
1994-09-14;06:00:00;0.00;G
1994-09-15;06:00:00;0.00;G
1994-09-16;06:00:00;0.00;G
1994-09-17;06:00:00;0.00;G
1994-09-18;06:00:00;0.00;G
1994-09-19;06:00:00;0.00;G
1994-09-20;06:00:00;0.00;G
1994-09-21;06:00:00;0.00;G
1994-09-22;06:00:00;0.00;G
1994-09-23;06:00:00;0.00;G
1994-09-24;06:00:00;0.00;G
1994-09-25;06:00:00;0.00;G
1994-09-26;06:00:00;0.00;G
1994-09-27;06:00:00;0.00;G
1994-09-28;06:00:00;0.00;G
1994-09-29;06:00:00;0.00;G
1994-09-30;06:00:00;0.00;G
1994-10-01;06:00:00;0.00;G
1994-10-02;06:00:00;0.00;G
1994-10-03;06:00:00;0.00;G
1994-10-04;06:00:00;0.01;G
1994-10-05;06:00:00;0.00;G
1994-10-06;06:00:00;0.00;G
1994-10-07;06:00:00;0.00;G
1994-10-08;06:00:00;0.00;G
1994-10-09;06:00:00;0.00;G
1994-10-10;06:00:00;0.00;G
1994-10-11;06:00:00;0.00;G
1994-10-12;06:00:00;0.00;G
1994-10-13;06:00:00;0.00;G
1994-10-14;06:00:00;0.00;G
1994-10-15;06:00:00;0.00;G
1994-10-16;06:00:00;0.00;G
1994-10-17;06:00:00;0.00;G
1994-10-18;06:00:00;0.00;G
1994-10-19;06:00:00;0.00;G
1994-10-20;06:00:00;0.00;G
1994-10-21;06:00:00;0.00;G
1994-10-22;06:00:00;0.00;G
1994-10-23;06:00:00;0.00;G
1994-10-24;06:00:00;0.00;G
1994-10-25;06:00:00;0.00;G
1994-10-26;06:00:00;0.00;G
1994-10-27;06:00:00;0.00;G
1994-10-28;06:00:00;0.00;G
1994-10-29;06:00:00;0.00;G
1994-10-30;06:00:00;0.00;G
1994-10-31;06:00:00;0.00;G
